{
    "Component_1": {
        "translation": {
            "x": -13.057157620668306,
            "y": 0.789168867183254,
            "z": 12.134145885118992
        },
        "rotation": {
            "axis_x": 0.0,
            "axis_y": 0.0,
            "axis_z": 1.0,
            "angle": 0.027187253201035155
        }
    },
    "Component_2": {
        "translation": {
            "x": -13.05715762066831,
            "y": 0.7891688671832542,
            "z": -57.36585411488046
        },
        "rotation": {
            "axis_x": -0.4856879835132576,
            "axis_y": 0.6181048384662693,
            "axis_z": 0.6181048384662693,
            "angle": 4.045857814714436
        }
    },
    "Component_3": {
        "translation": {
            "x": -13.057157620668312,
            "y": 0.7891688671832533,
            "z": 60.83414588511954
        },
        "rotation": {
            "axis_x": 0.09744875772043614,
            "axis_y": 0.703741337289044,
            "axis_z": -0.7037413372890439,
            "angle": 3.3358767279751307
        }
    },
    "Component_4": {
        "translation": {
            "x": -13.057157620668308,
            "y": 0.7891688671832542,
            "z": 28.634145885119533
        },
        "rotation": {
            "axis_x": 0.993844170833309,
            "axis_y": 0.0783382540673861,
            "axis_z": 0.0783382540673861,
            "angle": 1.5769711419559118
        }
    },
    "Component_5": {
        "translation": {
            "x": -13.057157620668306,
            "y": 0.7891688671832542,
            "z": -127.36585411488046
        },
        "rotation": {
            "axis_x": -0.24361125987391208,
            "axis_y": 0.6858037452736188,
            "axis_z": 0.6858037452736189,
            "angle": 3.6195061567714926
        }
    },
    "Component_6": {
        "translation": {
            "x": -13.057157620668303,
            "y": 0.7891688671832533,
            "z": -60.36585411488046
        },
        "rotation": {
            "axis_x": -0.4988096758580325,
            "axis_y": 0.6128576128557124,
            "axis_z": -0.6128576128557124,
            "angle": 2.216202860868594
        }
    },
    "Component_7": {
        "translation": {
            "x": -13.057157620668308,
            "y": 0.7891688671832551,
            "z": 28.634145885119533
        },
        "rotation": {
            "axis_x": -0.9819631392331785,
            "axis_y": -0.1336944149680936,
            "axis_z": 0.1336944149680936,
            "angle": 1.5889968296216646
        }
    },
    "Component_8": {
        "translation": {
            "x": -13.05715762066823,
            "y": 0.7891688671853425,
            "z": 72.63414588511952
        },
        "rotation": {
            "axis_x": -0.5628863395154895,
            "axis_y": 0.5844480168444637,
            "axis_z": 0.5844480168444637,
            "angle": 4.166958438238899
        }
    },
    "Component_9": {
        "translation": {
            "x": -13.057157620668306,
            "y": 0.7891688671832537,
            "z": -114.36585411488048
        },
        "rotation": {
            "axis_x": 0.013287375383960468,
            "axis_y": 0.7070443570439573,
            "axis_z": 0.7070443570439572,
            "angle": 3.115019466618787
        }
    },
    "Component_10": {
        "translation": {
            "x": -13.057157620668308,
            "y": 0.7891688671832533,
            "z": 17.634145885119537
        },
        "rotation": {
            "axis_x": 0.949450932910109,
            "axis_y": 0.22197176171320088,
            "axis_z": 0.22197176171320088,
            "angle": 1.6226445079961238
        }
    },
    "Component_11": {
        "translation": {
            "x": -13.057157620668304,
            "y": 0.7891688671832536,
            "z": -59.36585411488046
        },
        "rotation": {
            "axis_x": 0.9992133490780489,
            "axis_y": -0.028041781543165358,
            "axis_z": -0.028041781543165358,
            "angle": 1.5715832872078166
        }
    }
}